category,combination,rate,trend
SM,"(8,)",0.894736842105,0
OI,"(8,)",0.86524822695,0
SF,"(8,)",0.85,0
Y,"(8,)",0.834415584416,0
TA,"(8,)",0.827242524917,0
I,"(0, 6, 8)",0.825301204819,0
SR,"(8,)",0.814814814815,0
JD,"(8,)",0.80981595092,0
FG,"(8,)",0.802083333333,0
J,"(0, 4, 7, 8)",0.800766283525,0
