category,combination,rate,trend
M,"(8,)",0.904942965779,1
C,"(8,)",0.903114186851,1
V,"(8,)",0.897810218978,1
CF,"(8,)",0.882154882155,1
PP,"(8,)",0.872180451128,1
RM,"(8,)",0.86432160804,1
A,"(8,)",0.863481228669,1
P,"(8,)",0.859589041096,1
L,"(8,)",0.85472972973,1
MA,"(8,)",0.85201793722,1
