combination,rate
"(0, 5)",0.7058823529411765
"(0, 1, 5)",0.7058823529411765
"(0, 2, 5)",0.7058823529411765
"(0, 1, 2, 5)",0.7058823529411765
