combination,rate
"(0, 1, 3)",0.7567567567567568
"(0, 2, 3)",0.7567567567567568
